Workbook
Name NativeTimeline_Date: #N/A
Name Slicer_Day_Type: #N/A
Name Slicer_Time_Slot: #N/A
Name Slicer_Weather_Type: #N/A

Sheet Notes
B2: First Import DataSet3 using GetData
B3: Next Import DataSet_A using Get Data
B4: Then Append both DataSet_3 and DataSet_A to get a Final Sheet
B5: Now copy the DataSet_Final into a new worksheet so as you can add further columns, rename column headers, remove certain columns as well as do conditional formatting
B6: Rename it as DS_Final_Reformed
B7: Now prepare various tables, charts , correlations as well as Descriptive Stats
B9: Now prepare Forecast Sheet
B10: Finally Prepare the Interactive Dashboard with added Slicers and Timeline

Sheet DataSet_3
A1: instant | B1: dteday | C1: season | D1: yr | E1: mnth | F1: hr | G1: holiday | H1: weekday | I1: weathersit | J1: temp | K1: atemp | L1: hum | M1: windspeed | N1: casual | O1: registered | P1: cnt
A2: 611 | B2: 40571 | C2: 1 | D2: 0 | E2: 1 | F2: 16 | G2: FALSE | H2: 5 | I2: 1 | J2: 0.22 | K2: 0.2727 | L2: 0.8 | M2: 0 | N2: 10 | O2: 70 | P2: 80 | R2: Imported using GetData
A3: 612 | B3: 40571 | C3: 1 | D3: 0 | E3: 1 | F3: 17 | G3: FALSE | H3: 5 | I3: 1 | J3: 0.24 | K3: 0.2424 | L3: 0.75 | M3: 0.1343 | N3: 2 | O3: 147 | P3: 149
A4: 613 | B4: 40571 | C4: 1 | D4: 0 | E4: 1 | F4: 18 | G4: FALSE | H4: 5 | I4: 1 | J4: 0.24 | K4: 0.2273 | L4: 0.75 | M4: 0.194 | N4: 2 | O4: 107 | P4: 109
A5: 614 | B5: 40571 | C5: 1 | D5: 0 | E5: 1 | F5: 19 | G5: FALSE | H5: 5 | I5: 2 | J5: 0.24 | K5: 0.2424 | L5: 0.75 | M5: 0.1343 | N5: 5 | O5: 84 | P5: 89
A6: 615 | B6: 40571 | C6: 1 | D6: 0 | E6: 1 | F6: 20 | G6: FALSE | H6: 5 | I6: 2 | J6: 0.24 | K6: 0.2273 | L6: 0.7 | M6: 0.194 | N6: 1 | O6: 61 | P6: 62
A7: 616 | B7: 40571 | C7: 1 | D7: 0 | E7: 1 | F7: 21 | G7: FALSE | H7: 5 | I7: 2 | J7: 0.22 | K7: 0.2273 | L7: 0.75 | M7: 0.1343 | N7: 1 | O7: 57 | P7: 58
A8: 617 | B8: 40571 | C8: 1 | D8: 0 | E8: 1 | F8: 22 | G8: FALSE | H8: 5 | I8: 1 | J8: 0.24 | K8: 0.2121 | L8: 0.65 | M8: 0.3582 | N8: 0 | O8: 26 | P8: 26
A9: 618 | B9: 40571 | C9: 1 | D9: 0 | E9: 1 | F9: 23 | G9: FALSE | H9: 5 | I9: 1 | J9: 0.24 | K9: 0.2273 | L9: 0.6 | M9: 0.2239 | N9: 1 | O9: 22 | P9: 23
A10: 619 | B10: 40572 | C10: 1 | D10: 0 | E10: 1 | F10: 0 | G10: FALSE | H10: 6 | I10: 1 | J10: 0.22 | K10: 0.197 | L10: 0.64 | M10: 0.3582 | N10: 2 | O10: 26 | P10: 28
A11: 620 | B11: 40572 | C11: 1 | D11: 0 | E11: 1 | F11: 1 | G11: FALSE | H11: 6 | I11: 1 | J11: 0.22 | K11: 0.2273 | L11: 0.64 | M11: 0.194 | N11: 0 | O11: 20 | P11: 20
A12: 621 | B12: 40572 | C12: 1 | D12: 0 | E12: 1 | F12: 2 | G12: FALSE | H12: 6 | I12: 1 | J12: 0.22 | K12: 0.2273 | L12: 0.64 | M12: 0.1642 | N12: 0 | O12: 15 | P12: 15
A13: 622 | B13: 40572 | C13: 1 | D13: 0 | E13: 1 | F13: 3 | G13: FALSE | H13: 6 | I13: 1 | J13: 0.2 | K13: 0.2121 | L13: 0.64 | M13: 0.1343 | N13: 3 | O13: 5 | P13: 8
A14: 623 | B14: 40572 | C14: 1 | D14: 0 | E14: 1 | F14: 4 | G14: FALSE | H14: 6 | I14: 1 | J14: 0.16 | K14: 0.1818 | L14: 0.69 | M14: 0.1045 | N14: 1 | O14: 2 | P14: 3
... A391: 1000 | B391: 40588 | C391: 1 | D391: 0 | E391: 2 | F391: 7 | G391: FALSE | H391: 1 | I391: 1 | J391: 0.34 | K391: 0.303 | L391: 0.46 | M391: 0.2985 | N391: 2 | O391: 96 | P391: 98

Sheet DataSet_A
A1: instant | B1: dteday | C1: season | D1: yr | E1: mnth | F1: hr | G1: holiday | H1: weekday | I1: weathersit | J1: temp | K1: atemp | L1: hum | M1: windspeed | N1: casual | O1: registered | P1: cnt
A2: 1 | B2: 40544 | C2: 1 | D2: 0 | E2: 1 | F2: 0 | G2: FALSE | H2: 6 | I2: 1 | J2: 0.24 | K2: 0.2879 | L2: 0.81 | M2: 0 | N2: 3 | O2: 13 | P2: 16 | R2: Impoted using GetData
A3: 2 | B3: 40544 | C3: 1 | D3: 0 | E3: 1 | F3: 1 | G3: FALSE | H3: 6 | I3: 1 | J3: 0.22 | K3: 0.2727 | L3: 0.8 | M3: 0 | N3: 8 | O3: 32 | P3: 40
A4: 3 | B4: 40544 | C4: 1 | D4: 0 | E4: 1 | F4: 2 | G4: FALSE | H4: 6 | I4: 1 | J4: 0.22 | K4: 0.2727 | L4: 0.8 | M4: 0 | N4: 5 | O4: 27 | P4: 32
A5: 4 | B5: 40544 | C5: 1 | D5: 0 | E5: 1 | F5: 3 | G5: FALSE | H5: 6 | I5: 1 | J5: 0.24 | K5: 0.2879 | L5: 0.75 | M5: 0 | N5: 3 | O5: 10 | P5: 13
A6: 5 | B6: 40544 | C6: 1 | D6: 0 | E6: 1 | F6: 4 | G6: FALSE | H6: 6 | I6: 1 | J6: 0.24 | K6: 0.2879 | L6: 0.75 | M6: 0 | N6: 0 | O6: 1 | P6: 1
A7: 6 | B7: 40544 | C7: 1 | D7: 0 | E7: 1 | F7: 5 | G7: FALSE | H7: 6 | I7: 2 | J7: 0.24 | K7: 0.2576 | L7: 0.75 | M7: 0.0896 | N7: 0 | O7: 1 | P7: 1
A8: 7 | B8: 40544 | C8: 1 | D8: 0 | E8: 1 | F8: 6 | G8: FALSE | H8: 6 | I8: 1 | J8: 0.22 | K8: 0.2727 | L8: 0.8 | M8: 0 | N8: 2 | O8: 0 | P8: 2
A9: 8 | B9: 40544 | C9: 1 | D9: 0 | E9: 1 | F9: 7 | G9: FALSE | H9: 6 | I9: 1 | J9: 0.2 | K9: 0.2576 | L9: 0.86 | M9: 0 | N9: 1 | O9: 2 | P9: 3
A10: 9 | B10: 40544 | C10: 1 | D10: 0 | E10: 1 | F10: 8 | G10: FALSE | H10: 6 | I10: 1 | J10: 0.24 | K10: 0.1999 | L10: 0.75 | M10: 0 | N10: 1 | O10: 7 | P10: 8
A11: 10 | B11: 40544 | C11: 1 | D11: 0 | E11: 1 | F11: 9 | G11: FALSE | H11: 6 | I11: 1 | J11: 0.32 | K11: 0.3485 | L11: 0.76 | M11: 0 | N11: 8 | O11: 6 | P11: 14
A12: 11 | B12: 40544 | C12: 1 | D12: 0 | E12: 1 | F12: 10 | G12: FALSE | H12: 6 | I12: 1 | J12: 0.38 | K12: 0.3939 | L12: 0.76 | M12: 0.2537 | N12: 12 | O12: 24 | P12: 36
A13: 12 | B13: 40544 | C13: 1 | D13: 0 | E13: 1 | F13: 11 | G13: FALSE | H13: 6 | I13: 1 | J13: 0.36 | K13: 0.3333 | L13: 0.81 | M13: 0.2836 | N13: 26 | O13: 30 | P13: 56
A14: 13 | B14: 40544 | C14: 1 | D14: 0 | E14: 1 | F14: 12 | G14: FALSE | H14: 6 | I14: 1 | J14: 0.42 | K14: 0.4242 | L14: 0.77 | M14: 0.2836 | N14: 29 | O14: 55 | P14: 84
... A611: 610 | B611: 40571 | C611: 1 | D611: 0 | E611: 1 | F611: 15 | G611: FALSE | H611: 5 | I611: 2 | J611: 0.2 | K611: 0.2576 | L611: 0.86 | M611: 0 | N611: 1 | O611: 40 | P611: 41

Sheet DataSet_Final
A1: instant | B1: dteday | C1: season | D1: yr | E1: mnth | F1: hr | G1: holiday | H1: weekday | I1: weathersit | J1: temp | K1: atemp | L1: hum | M1: windspeed | N1: casual | O1: registered | P1: cnt
A2: 1 | B2: 40544 | C2: 1 | D2: 0 | E2: 1 | F2: 0 | G2: FALSE | H2: 6 | I2: 1 | J2: 0.24 | K2: 0.2879 | L2: 0.81 | M2: 0 | N2: 3 | O2: 13 | P2: 16
A3: 2 | B3: 40544 | C3: 1 | D3: 0 | E3: 1 | F3: 1 | G3: FALSE | H3: 6 | I3: 1 | J3: 0.22 | K3: 0.2727 | L3: 0.8 | M3: 0 | N3: 8 | O3: 32 | P3: 40
A4: 3 | B4: 40544 | C4: 1 | D4: 0 | E4: 1 | F4: 2 | G4: FALSE | H4: 6 | I4: 1 | J4: 0.22 | K4: 0.2727 | L4: 0.8 | M4: 0 | N4: 5 | O4: 27 | P4: 32
A5: 4 | B5: 40544 | C5: 1 | D5: 0 | E5: 1 | F5: 3 | G5: FALSE | H5: 6 | I5: 1 | J5: 0.24 | K5: 0.2879 | L5: 0.75 | M5: 0 | N5: 3 | O5: 10 | P5: 13
A6: 5 | B6: 40544 | C6: 1 | D6: 0 | E6: 1 | F6: 4 | G6: FALSE | H6: 6 | I6: 1 | J6: 0.24 | K6: 0.2879 | L6: 0.75 | M6: 0 | N6: 0 | O6: 1 | P6: 1
A7: 6 | B7: 40544 | C7: 1 | D7: 0 | E7: 1 | F7: 5 | G7: FALSE | H7: 6 | I7: 2 | J7: 0.24 | K7: 0.2576 | L7: 0.75 | M7: 0.0896 | N7: 0 | O7: 1 | P7: 1
A8: 7 | B8: 40544 | C8: 1 | D8: 0 | E8: 1 | F8: 6 | G8: FALSE | H8: 6 | I8: 1 | J8: 0.22 | K8: 0.2727 | L8: 0.8 | M8: 0 | N8: 2 | O8: 0 | P8: 2
A9: 8 | B9: 40544 | C9: 1 | D9: 0 | E9: 1 | F9: 7 | G9: FALSE | H9: 6 | I9: 1 | J9: 0.2 | K9: 0.2576 | L9: 0.86 | M9: 0 | N9: 1 | O9: 2 | P9: 3
A10: 9 | B10: 40544 | C10: 1 | D10: 0 | E10: 1 | F10: 8 | G10: FALSE | H10: 6 | I10: 1 | J10: 0.24 | K10: 0.1999 | L10: 0.75 | M10: 0 | N10: 1 | O10: 7 | P10: 8
A11: 10 | B11: 40544 | C11: 1 | D11: 0 | E11: 1 | F11: 9 | G11: FALSE | H11: 6 | I11: 1 | J11: 0.32 | K11: 0.3485 | L11: 0.76 | M11: 0 | N11: 8 | O11: 6 | P11: 14
A12: 11 | B12: 40544 | C12: 1 | D12: 0 | E12: 1 | F12: 10 | G12: FALSE | H12: 6 | I12: 1 | J12: 0.38 | K12: 0.3939 | L12: 0.76 | M12: 0.2537 | N12: 12 | O12: 24 | P12: 36
A13: 12 | B13: 40544 | C13: 1 | D13: 0 | E13: 1 | F13: 11 | G13: FALSE | H13: 6 | I13: 1 | J13: 0.36 | K13: 0.3333 | L13: 0.81 | M13: 0.2836 | N13: 26 | O13: 30 | P13: 56
... A1001: 1000 | B1001: 40588 | C1001: 1 | D1001: 0 | E1001: 2 | F1001: 7 | G1001: FALSE | H1001: 1 | I1001: 1 | J1001: 0.34 | K1001: 0.303 | L1001: 0.46 | M1001: 0.2985 | N1001: 2 | O1001: 96 | P1001: 98

Sheet Mappings
B2: Weekday | C2: Days | E2: WeatherSituation | F2: Weather_Type
B3: 0 | C3: Sunday | E3: 1 | F3: Clear Sky
B4: 1 | C4: Monday | E4: 2 | F4: Mist/Cloudy
B5: 2 | C5: Tuesday | E5: 3 | F5: Light Rain
B6: 3 | C6: Wednesday | E6: 4 | F6: Heavy Rain/Snow
B7: 4 | C7: Thursday
B8: 5 | C8: Friday
B9: 6 | C9: Saturday

Sheet DS_Final_Reformed
A1: Instant | B1: Date | C1: Month | D1: Hour | E1: Time | F1: Time_Slot | G1: Holiday | H1: Week day | I1: Days | J1: Day_Type | K1: WeatherSituation | L1: Weather_Type | M1: Temp | N1: ATemp | O1: Humidity | P1: WindSpeed | Q1: Casuals | R1: Registered | S1: Total_Rentals
A2: 1 | B2: 40544 | C2: 1 | D2: 0 | E2: =TEXT(D2/24,"h AM/PM") -> 12 AM | F2: =IF(D2<5,"Night", IF(D2<=11,"Morning", IF(D2<16,"AfterNoon", IF(D2<20,"Evening","Night")))) -> Night | G2: FALSE | H2: 6 | I2: =_xlfn.XLOOKUP(Append15[[#This Row],[Week day]],Mappings!$B$3:$B$9,Mappings!$C$3:$C$9) -> Saturday | J2: =IF(OR(H2=0,H2=6),"Weekend","Weekday") -> Weekend | K2: 1 | L2: =_xlfn.XLOOKUP(Append15[[#This Row],[WeatherSituation]],Mappings!$E$3:$E$6,Mappings!$F$3:$F$6) -> Clear Sky | M2: 0.24 | N2: 0.2879 | O2: 0.81 | P2: 0 | Q2: 3 | R2: 13 | S2: 16
A3: 2 | B3: 40544 | C3: 1 | D3: 1 | E3: =TEXT(D3/24,"h AM/PM") -> 1 AM | F3: =IF(D3<5,"Night", IF(D3<=11,"Morning", IF(D3<16,"AfterNoon", IF(D3<20,"Evening","Night")))) -> Night | G3: FALSE | H3: 6 | I3: =_xlfn.XLOOKUP(Append15[[#This Row],[Week day]],Mappings!$B$3:$B$9,Mappings!$C$3:$C$9) -> Saturday | J3: =IF(OR(H3=0,H3=6),"Weekend","Weekday") -> Weekend | K3: 1 | L3: =_xlfn.XLOOKUP(Append15[[#This Row],[WeatherSituation]],Mappings!$E$3:$E$6,Mappings!$F$3:$F$6) -> Clear Sky | M3: 0.22 | N3: 0.2727 | O3: 0.8 | P3: 0 | Q3: 8 | R3: 32 | S3: 40
A4: 3 | B4: 40544 | C4: 1 | D4: 2 | E4: =TEXT(D4/24,"h AM/PM") -> 2 AM | F4: =IF(D4<5,"Night", IF(D4<=11,"Morning", IF(D4<16,"AfterNoon", IF(D4<20,"Evening","Night")))) -> Night | G4: FALSE | H4: 6 | I4: =_xlfn.XLOOKUP(Append15[[#This Row],[Week day]],Mappings!$B$3:$B$9,Mappings!$C$3:$C$9) -> Saturday | J4: =IF(OR(H4=0,H4=6),"Weekend","Weekday") -> Weekend | K4: 1 | L4: =_xlfn.XLOOKUP(Append15[[#This Row],[WeatherSituation]],Mappings!$E$3:$E$6,Mappings!$F$3:$F$6) -> Clear Sky | M4: 0.22 | N4: 0.2727 | O4: 0.8 | P4: 0 | Q4: 5 | R4: 27 | S4: 32
A5: 4 | B5: 40544 | C5: 1 | D5: 3 | E5: =TEXT(D5/24,"h AM/PM") -> 3 AM | F5: =IF(D5<5,"Night", IF(D5<=11,"Morning", IF(D5<16,"AfterNoon", IF(D5<20,"Evening","Night")))) -> Night | G5: FALSE | H5: 6 | I5: =_xlfn.XLOOKUP(Append15[[#This Row],[Week day]],Mappings!$B$3:$B$9,Mappings!$C$3:$C$9) -> Saturday | J5: =IF(OR(H5=0,H5=6),"Weekend","Weekday") -> Weekend | K5: 1 | L5: =_xlfn.XLOOKUP(Append15[[#This Row],[WeatherSituation]],Mappings!$E$3:$E$6,Mappings!$F$3:$F$6) -> Clear Sky | M5: 0.24 | N5: 0.2879 | O5: 0.75 | P5: 0 | Q5: 3 | R5: 10 | S5: 13
A6: 5 | B6: 40544 | C6: 1 | D6: 4 | E6: =TEXT(D6/24,"h AM/PM") -> 4 AM | F6: =IF(D6<5,"Night", IF(D6<=11,"Morning", IF(D6<16,"AfterNoon", IF(D6<20,"Evening","Night")))) -> Night | G6: FALSE | H6: 6 | I6: =_xlfn.XLOOKUP(Append15[[#This Row],[Week day]],Mappings!$B$3:$B$9,Mappings!$C$3:$C$9) -> Saturday | J6: =IF(OR(H6=0,H6=6),"Weekend","Weekday") -> Weekend | K6: 1 | L6: =_xlfn.XLOOKUP(Append15[[#This Row],[WeatherSituation]],Mappings!$E$3:$E$6,Mappings!$F$3:$F$6) -> Clear Sky | M6: 0.24 | N6: 0.2879 | O6: 0.75 | P6: 0 | Q6: 0 | R6: 1 | S6: 1
A7: 6 | B7: 40544 | C7: 1 | D7: 5 | E7: =TEXT(D7/24,"h AM/PM") -> 5 AM | F7: =IF(D7<5,"Night", IF(D7<=11,"Morning", IF(D7<16,"AfterNoon", IF(D7<20,"Evening","Night")))) -> Morning | G7: FALSE | H7: 6 | I7: =_xlfn.XLOOKUP(Append15[[#This Row],[Week day]],Mappings!$B$3:$B$9,Mappings!$C$3:$C$9) -> Saturday | J7: =IF(OR(H7=0,H7=6),"Weekend","Weekday") -> Weekend | K7: 2 | L7: =_xlfn.XLOOKUP(Append15[[#This Row],[WeatherSituation]],Mappings!$E$3:$E$6,Mappings!$F$3:$F$6) -> Mist/Cloudy | M7: 0.24 | N7: 0.2576 | O7: 0.75 | P7: 0.0896 | Q7: 0 | R7: 1 | S7: 1
A8: 7 | B8: 40544 | C8: 1 | D8: 6 | E8: =TEXT(D8/24,"h AM/PM") -> 6 AM | F8: =IF(D8<5,"Night", IF(D8<=11,"Morning", IF(D8<16,"AfterNoon", IF(D8<20,"Evening","Night")))) -> Morning | G8: FALSE | H8: 6 | I8: =_xlfn.XLOOKUP(Append15[[#This Row],[Week day]],Mappings!$B$3:$B$9,Mappings!$C$3:$C$9) -> Saturday | J8: =IF(OR(H8=0,H8=6),"Weekend","Weekday") -> Weekend | K8: 1 | L8: =_xlfn.XLOOKUP(Append15[[#This Row],[WeatherSituation]],Mappings!$E$3:$E$6,Mappings!$F$3:$F$6) -> Clear Sky | M8: 0.22 | N8: 0.2727 | O8: 0.8 | P8: 0 | Q8: 2 | R8: 0 | S8: 2
A9: 8 | B9: 40544 | C9: 1 | D9: 7 | E9: =TEXT(D9/24,"h AM/PM") -> 7 AM | F9: =IF(D9<5,"Night", IF(D9<=11,"Morning", IF(D9<16,"AfterNoon", IF(D9<20,"Evening","Night")))) -> Morning | G9: FALSE | H9: 6 | I9: =_xlfn.XLOOKUP(Append15[[#This Row],[Week day]],Mappings!$B$3:$B$9,Mappings!$C$3:$C$9) -> Saturday | J9: =IF(OR(H9=0,H9=6),"Weekend","Weekday") -> Weekend | K9: 1 | L9: =_xlfn.XLOOKUP(Append15[[#This Row],[WeatherSituation]],Mappings!$E$3:$E$6,Mappings!$F$3:$F$6) -> Clear Sky | M9: 0.2 | N9: 0.2576 | O9: 0.86 | P9: 0 | Q9: 1 | R9: 2 | S9: 3
A10: 9 | B10: 40544 | C10: 1 | D10: 8 | E10: =TEXT(D10/24,"h AM/PM") -> 8 AM | F10: =IF(D10<5,"Night", IF(D10<=11,"Morning", IF(D10<16,"AfterNoon", IF(D10<20,"Evening","Night")))) -> Morning | G10: FALSE | H10: 6 | I10: =_xlfn.XLOOKUP(Append15[[#This Row],[Week day]],Mappings!$B$3:$B$9,Mappings!$C$3:$C$9) -> Saturday | J10: =IF(OR(H10=0,H10=6),"Weekend","Weekday") -> Weekend | K10: 1 | L10: =_xlfn.XLOOKUP(Append15[[#This Row],[WeatherSituation]],Mappings!$E$3:$E$6,Mappings!$F$3:$F$6) -> Clear Sky | M10: 0.24 | N10: 0.1999 | O10: 0.75 | P10: 0 | Q10: 1 | R10: 7 | S10: 8
A11: 10 | B11: 40544 | C11: 1 | D11: 9 | E11: =TEXT(D11/24,"h AM/PM") -> 9 AM | F11: =IF(D11<5,"Night", IF(D11<=11,"Morning", IF(D11<16,"AfterNoon", IF(D11<20,"Evening","Night")))) -> Morning | G11: FALSE | H11: 6 | I11: =_xlfn.XLOOKUP(Append15[[#This Row],[Week day]],Mappings!$B$3:$B$9,Mappings!$C$3:$C$9) -> Saturday | J11: =IF(OR(H11=0,H11=6),"Weekend","Weekday") -> Weekend | K11: 1 | L11: =_xlfn.XLOOKUP(Append15[[#This Row],[WeatherSituation]],Mappings!$E$3:$E$6,Mappings!$F$3:$F$6) -> Clear Sky | M11: 0.32 | N11: 0.3485 | O11: 0.76 | P11: 0 | Q11: 8 | R11: 6 | S11: 14
A12: 11 | B12: 40544 | C12: 1 | D12: 10 | E12: =TEXT(D12/24,"h AM/PM") -> 10 AM | F12: =IF(D12<5,"Night", IF(D12<=11,"Morning", IF(D12<16,"AfterNoon", IF(D12<20,"Evening","Night")))) -> Morning | G12: FALSE | H12: 6 | I12: =_xlfn.XLOOKUP(Append15[[#This Row],[Week day]],Mappings!$B$3:$B$9,Mappings!$C$3:$C$9) -> Saturday | J12: =IF(OR(H12=0,H12=6),"Weekend","Weekday") -> Weekend | K12: 1 | L12: =_xlfn.XLOOKUP(Append15[[#This Row],[WeatherSituation]],Mappings!$E$3:$E$6,Mappings!$F$3:$F$6) -> Clear Sky | M12: 0.38 | N12: 0.3939 | O12: 0.76 | P12: 0.2537 | Q12: 12 | R12: 24 | S12: 36
A13: 12 | B13: 40544 | C13: 1 | D13: 11 | E13: =TEXT(D13/24,"h AM/PM") -> 11 AM | F13: =IF(D13<5,"Night", IF(D13<=11,"Morning", IF(D13<16,"AfterNoon", IF(D13<20,"Evening","Night")))) -> Morning | G13: FALSE | H13: 6 | I13: =_xlfn.XLOOKUP(Append15[[#This Row],[Week day]],Mappings!$B$3:$B$9,Mappings!$C$3:$C$9) -> Saturday | J13: =IF(OR(H13=0,H13=6),"Weekend","Weekday") -> Weekend | K13: 1 | L13: =_xlfn.XLOOKUP(Append15[[#This Row],[WeatherSituation]],Mappings!$E$3:$E$6,Mappings!$F$3:$F$6) -> Clear Sky | M13: 0.36 | N13: 0.3333 | O13: 0.81 | P13: 0.2836 | Q13: 26 | R13: 30 | S13: 56
... A1001: 1000 | B1001: 40588 | C1001: 2 | D1001: 7 | E1001: =TEXT(D1001/24,"h AM/PM") -> 7 AM | F1001: =IF(D1001<5,"Night", IF(D1001<=11,"Morning", IF(D1001<16,"AfterNoon", IF(D1001<20,"Evening","Night")))) -> Morning | G1001: FALSE | H1001: 1 | I1001: =_xlfn.XLOOKUP(Append15[[#This Row],[Week day]],Mappings!$B$3:$B$9,Mappings!$C$3:$C$9) -> Monday | J1001: =IF(OR(H1001=0,H1001=6),"Weekend","Weekday") -> Weekday | K1001: 1 | L1001: =_xlfn.XLOOKUP(Append15[[#This Row],[WeatherSituation]],Mappings!$E$3:$E$6,Mappings!$F$3:$F$6) -> Clear Sky | M1001: 0.34 | N1001: 0.303 | O1001: 0.46 | P1001: 0.2985 | Q1001: 2 | R1001: 96 | S1001: 98

Sheet Rentals_Usage
A3: User Type | B3: Rentals | M3: Total Casuals
A4: Casuals | B4: =GETPIVOTDATA("Casuals",$M$3) -> 4921 | M4: 4921
A5: Registered | B5: =GETPIVOTDATA("Registered",$M$5) -> 53383 | M5: Total Registered
M6: 53383

Sheet DailyTrend
A3: Dates | B3: Total Rentals
A4: 01-Jan | B4: 985
A5: 02-Jan | B5: 801
A6: 03-Jan | B6: 1349
A7: 04-Jan | B7: 1562
A8: 05-Jan | B8: 1600
A9: 06-Jan | B9: 1606
A10: 07-Jan | B10: 1510
A11: 08-Jan | B11: 959
A12: 09-Jan | B12: 822
A13: 10-Jan | B13: 1321
A14: 11-Jan | B14: 1263
A15: 12-Jan | B15: 1162
... A49: Grand Total | B49: 58304

Sheet Forecast_Input
A1: Date | B1: Total Rentals
A2: 40544 | B2: 985
A3: 40545 | B3: 801
A4: 40546 | B4: 1349
A5: 40547 | B5: 1562
A6: 40548 | B6: 1600
A7: 40549 | B7: 1606
A8: 40550 | B8: 1510
A9: 40551 | B9: 959
A10: 40552 | B10: 822
A11: 40553 | B11: 1321
A12: 40554 | B12: 1263
A13: 40555 | B13: 1162
... A46: 40588 | B46: 151

Sheet Forecast_Output
A1: Date | B1: Total Rentals | C1: Forecast(Total Rentals) | D1: Lower Confidence Bound(Total Rentals) | E1: Upper Confidence Bound(Total Rentals)
A2: 40544 | B2: 985
A3: 40545 | B3: 801
A4: 40546 | B4: 1349
A5: 40547 | B5: 1562
A6: 40548 | B6: 1600
A7: 40549 | B7: 1606
A8: 40550 | B8: 1510
A9: 40551 | B9: 959
A10: 40552 | B10: 822
A11: 40553 | B11: 1321
A12: 40554 | B12: 1263
A13: 40555 | B13: 1162
... A45: 40587 | B45: 1589
A46: 40588 | B46: 151 | C46: 151 | D46: 151 | E46: 151
A47: 40589 | C47: =_xlfn.FORECAST.ETS(A47,$B$2:$B$46,$A$2:$A$46,7,1) -> 1383.1713 | D47: =C47-_xlfn.FORECAST.ETS.CONFINT(A47,$B$2:$B$46,$A$2:$A$46,0.95,7,1) -> 608.89144 | E47: =C47+_xlfn.FORECAST.ETS.CONFINT(A47,$B$2:$B$46,$A$2:$A$46,0.95,7,1) -> 2157.4511
A48: 40590 | C48: =_xlfn.FORECAST.ETS(A48,$B$2:$B$46,$A$2:$A$46,7,1) -> 1476.9531 | D48: =C48-_xlfn.FORECAST.ETS.CONFINT(A48,$B$2:$B$46,$A$2:$A$46,0.95,7,1) -> 702.66983 | E48: =C48+_xlfn.FORECAST.ETS.CONFINT(A48,$B$2:$B$46,$A$2:$A$46,0.95,7,1) -> 2251.2364
A49: 40591 | C49: =_xlfn.FORECAST.ETS(A49,$B$2:$B$46,$A$2:$A$46,7,1) -> 1583.4753 | D49: =C49-_xlfn.FORECAST.ETS.CONFINT(A49,$B$2:$B$46,$A$2:$A$46,0.95,7,1) -> 809.18582 | E49: =C49+_xlfn.FORECAST.ETS.CONFINT(A49,$B$2:$B$46,$A$2:$A$46,0.95,7,1) -> 2357.7648
A50: 40592 | C50: =_xlfn.FORECAST.ETS(A50,$B$2:$B$46,$A$2:$A$46,7,1) -> 1586.874 | D50: =C50-_xlfn.FORECAST.ETS.CONFINT(A50,$B$2:$B$46,$A$2:$A$46,0.95,7,1) -> 812.57483 | E50: =C50+_xlfn.FORECAST.ETS.CONFINT(A50,$B$2:$B$46,$A$2:$A$46,0.95,7,1) -> 2361.1732
A51: 40593 | C51: =_xlfn.FORECAST.ETS(A51,$B$2:$B$46,$A$2:$A$46,7,1) -> 1191.196 | D51: =C51-_xlfn.FORECAST.ETS.CONFINT(A51,$B$2:$B$46,$A$2:$A$46,0.95,7,1) -> 416.88291 | E51: =C51+_xlfn.FORECAST.ETS.CONFINT(A51,$B$2:$B$46,$A$2:$A$46,0.95,7,1) -> 1965.5091
A52: 40594 | C52: =_xlfn.FORECAST.ETS(A52,$B$2:$B$46,$A$2:$A$46,7,1) -> 1239.3928 | D52: =C52-_xlfn.FORECAST.ETS.CONFINT(A52,$B$2:$B$46,$A$2:$A$46,0.95,7,1) -> 465.06072 | E52: =C52+_xlfn.FORECAST.ETS.CONFINT(A52,$B$2:$B$46,$A$2:$A$46,0.95,7,1) -> 2013.7249
A53: 40595 | C53: =_xlfn.FORECAST.ETS(A53,$B$2:$B$46,$A$2:$A$46,7,1) -> 1275.5274 | D53: =C53-_xlfn.FORECAST.ETS.CONFINT(A53,$B$2:$B$46,$A$2:$A$46,0.95,7,1) -> 501.17049 | E53: =C53+_xlfn.FORECAST.ETS.CONFINT(A53,$B$2:$B$46,$A$2:$A$46,0.95,7,1) -> 2049.8842
A54: 40596 | C54: =_xlfn.FORECAST.ETS(A54,$B$2:$B$46,$A$2:$A$46,7,1) -> 1408.0181 | D54: =C54-_xlfn.FORECAST.ETS.CONFINT(A54,$B$2:$B$46,$A$2:$A$46,0.95,7,1) -> 626.74138 | E54: =C54+_xlfn.FORECAST.ETS.CONFINT(A54,$B$2:$B$46,$A$2:$A$46,0.95,7,1) -> 2189.2949
A55: 40597 | C55: =_xlfn.FORECAST.ETS(A55,$B$2:$B$46,$A$2:$A$46,7,1) -> 1501.8 | D55: =C55-_xlfn.FORECAST.ETS.CONFINT(A55,$B$2:$B$46,$A$2:$A$46,0.95,7,1) -> 720.48489 | E55: =C55+_xlfn.FORECAST.ETS.CONFINT(A55,$B$2:$B$46,$A$2:$A$46,0.95,7,1) -> 2283.1151
A56: 40598 | C56: =_xlfn.FORECAST.ETS(A56,$B$2:$B$46,$A$2:$A$46,7,1) -> 1608.3222 | D56: =C56-_xlfn.FORECAST.ETS.CONFINT(A56,$B$2:$B$46,$A$2:$A$46,0.95,7,1) -> 826.96065 | E56: =C56+_xlfn.FORECAST.ETS.CONFINT(A56,$B$2:$B$46,$A$2:$A$46,0.95,7,1) -> 2389.6837
A57: 40599 | C57: =_xlfn.FORECAST.ETS(A57,$B$2:$B$46,$A$2:$A$46,7,1) -> 1611.7209 | D57: =C57-_xlfn.FORECAST.ETS.CONFINT(A57,$B$2:$B$46,$A$2:$A$46,0.95,7,1) -> 830.30411 | E57: =C57+_xlfn.FORECAST.ETS.CONFINT(A57,$B$2:$B$46,$A$2:$A$46,0.95,7,1) -> 2393.1376
A58: 40600 | C58: =_xlfn.FORECAST.ETS(A58,$B$2:$B$46,$A$2:$A$46,7,1) -> 1216.0429 | D58: =C58-_xlfn.FORECAST.ETS.CONFINT(A58,$B$2:$B$46,$A$2:$A$46,0.95,7,1) -> 434.5613 | E58: =C58+_xlfn.FORECAST.ETS.CONFINT(A58,$B$2:$B$46,$A$2:$A$46,0.95,7,1) -> 1997.5245
... A78: 40620 | C78: =_xlfn.FORECAST.ETS(A78,$B$2:$B$46,$A$2:$A$46,7,1) -> 1686.2614 | D78: =C78-_xlfn.FORECAST.ETS.CONFINT(A78,$B$2:$B$46,$A$2:$A$46,0.95,7,1) -> 876.21375 | E78: =C78+_xlfn.FORECAST.ETS.CONFINT(A78,$B$2:$B$46,$A$2:$A$46,0.95,7,1) -> 2496.3091

Sheet WeekdayTrend
A3: Row Labels | B3: Avg Rentals
A4: Sunday | B4: 49.518293
A5: Monday | B5: 56.711409
A6: Tuesday | B6: 66.007874
A7: Wednesday | B7: 61.442748
A8: Thursday | B8: 67.664
A9: Friday | B9: 65.905797
A10: Saturday | B10: 46.674699

Sheet TimeSlotBased
A1: Day_Type | B1: (All) | I1: Day_Type | J1: (All)
A3: Time Slot | B3: Total Rentals | I3: Time Slot | J3: Avg Casuals | K3: Avg Registered
A4: Morning | B4: 17132 | I4: Morning | J4: 3.3219178 | K4: 55.349315
A5: AfterNoon | B5: 13211 | I5: AfterNoon | J5: 11.610465 | K5: 65.197674
A6: Evening | B6: 19041 | I6: Evening | J6: 7.454023 | K6: 101.97701
A7: Night | B7: 8920 | I7: Night | J7: 1.8149171 | K7: 22.825967
A8: Grand Total | B8: 58304

Sheet WeatherTypeBased
A3: Weather Situation | B3: Total Rentals | C3: Avg Rentals
A4: Clear Sky | B4: 37373 | C4: 61.671617
A5: Mist/Cloudy | B5: 18106 | C5: 58.595469
A6: Light Rain | B6: 2789 | C6: 33.202381
A7: Heavy Rain/Snow | B7: 36 | C7: 36
A8: Grand Total | B8: 58304 | C8: 58.304

Sheet Weekends&Holidays
F1: Days Type | G1: Avg Casuals% | H1: Avg Registered%
F2: Weekday | G2: 0.05229174 | H2: 0.94770826
A3: Days Type | B3: Total Casuals | C3: Total Registered | F3: Weekend | G3: 0.17026908 | H3: 0.82973092
A4: Weekday | B4: 2219 | C4: 40216 | I4: Row Labels | J4: Avg Casuals | K4: Avg Registered
A5: Weekend | B5: 2702 | C5: 13167 | I5: Weekday | J5: 3.3119403 | K5: 60.023881
A6: Grand Total | B6: 4921 | C6: 53383 | I6: Weekend | J6: 8.1878788 | K6: 39.9
B25: Holidays | C25: Casuals% | D25: Registered% | H25: Holidays | I25: Avg Rentals/Hr
B26: FALSE | C26: 0.083833589 | D26: 0.91616641 | H26: FALSE | I26: 58.713115
B27: TRUE | C27: 0.117 | D27: 0.883 | H27: TRUE | I27: 41.666667

Sheet TimeSlot+Days HeatMap
B2: Avg Rentals/Hr | C2: Time Slot
B3: Days | C3: Morning | D3: AfterNoon | E3: Evening | F3: Night
B4: Sunday | C4: 32.043478 | D4: 113.17857 | E4: 76.071429 | F4: 21.741935
B5: Monday | C5: 62.666667 | D5: 64.083333 | E5: 123.625 | F5: 20.089286
B6: Tuesday | C6: 79.257143 | D6: 58.5 | E6: 129.25 | F6: 25.068182
B7: Wednesday | C7: 64.261905 | D7: 61.666667 | E7: 123.27273 | F7: 26.930233
B8: Thursday | C8: 80.971429 | D8: 65.45 | E8: 123.45833 | F8: 29.391304
B9: Friday | C9: 77.047619 | D9: 67.875 | E9: 126.91667 | F9: 24.666667
B10: Saturday | C10: 27.553191 | D10: 95.785714 | E10: 75.75 | F10: 26.190476

Sheet Weather+Time HeatMap&Chart
B3: Avg Rentals/Hr | C3: Weather Situation
B4: Time Slot | C4: Clear Sky | D4: Mist/Cloudy | E4: Light Rain | F4: Heavy Rain/Snow
B5: Morning | C5: 63.075581 | D5: 58.333333 | E5: 34.433333
B6: AfterNoon | C6: 84.516129 | D6: 71.318182 | E6: 49.538462
B7: Evening | C7: 109.17094 | D7: 121.12766 | E7: 59.888889 | F7: 36
B8: Night | C8: 26.299107 | D8: 23.169811 | E8: 17.90625
A14: Total Rentals | B14: Weather Situation
A15: Time Slot | B15: Clear Sky | C15: Mist/Cloudy | D15: Light Rain | E15: Heavy Rain/Snow
A16: Morning | B16: 10849 | C16: 5250 | D16: 1033
A17: AfterNoon | B17: 7860 | C17: 4707 | D17: 644
A18: Evening | B18: 12773 | C18: 5693 | D18: 539 | E18: 36
A19: Night | B19: 5891 | C19: 2456 | D19: 573
A20: Grand Total | B20: 37373 | C20: 18106 | D20: 2789 | E20: 36

Sheet Weather+Temp Rentals
A3: Temp | B3: Total Rentals | C3: Avg Rentals | D3: Temp Category
A4: 0.02-0.17 | B4: 16221 | C4: 46.881503 | D4: LOW
A5: 0.17-0.32 | B5: 33814 | C5: 61.146474 | D5: MEDIUM
A6: 0.32-0.47 | B6: 8269 | C6: 81.871287 | D6: HIGH
A11: Avg Rentals/Hr | B11: Weather Situation
A12: Row Labels | B12: Clear Sky | C12: Mist/Cloudy | D12: Light Rain | E12: Heavy Rain/Snow
A13: 0.02-0.17 | B13: 47.316456 | C13: 47.880952 | D13: 39.4
A14: 0.17-0.32 | B14: 67.523659 | C14: 59.344262 | D14: 29.096154 | E14: 36
A15: 0.32-0.47 | B15: 91.423077 | C15: 76.761905 | D15: 41.571429

Sheet Humidy+TimeSlot_Rentals
A3: Humidity | B3: Total Rentals | C3: Avg Rentals/Hr | D3: Humidity Level
A4: 0.21-0.51 | B4: 29736 | C4: 71.826087 | D4: LOW
A5: 0.51-0.81 | B5: 21986 | C5: 50.893519 | D5: MEDIUM
A6: 0.81-1.11 | B6: 6582 | C6: 42.74026 | D6: HIGH
A8: Weather_Type | B8: (All)
A10: Avg Rentals/Hr | B10: Time Slot
A11: Humidity | B11: Morning | C11: AfterNoon | D11: Evening | E11: Night
A12: 0.21-0.51 | B12: 68.204301 | C12: 82.522936 | D12: 112.60396 | E12: 27.252252
A13: 0.51-0.81 | B13: 56.478873 | C13: 75.928571 | D13: 113.88889 | E13: 23.850515
A14: 0.81-1.11 | B14: 48.578947 | C14: 48.904762 | D14: 79.894737 | E14: 22.245614

Sheet ScatterPlots
A1: Instant | B1: Temp | C1: Humidity | D1: WindSpeed | E1: Total_Rentals
A2: 1 | B2: 0.24 | C2: 0.81 | D2: 0 | E2: 16
A3: 2 | B3: 0.22 | C3: 0.8 | D3: 0 | E3: 40
A4: 3 | B4: 0.22 | C4: 0.8 | D4: 0 | E4: 32
A5: 4 | B5: 0.24 | C5: 0.75 | D5: 0 | E5: 13
A6: 5 | B6: 0.24 | C6: 0.75 | D6: 0 | E6: 1
A7: 6 | B7: 0.24 | C7: 0.75 | D7: 0.0896 | E7: 1
A8: 7 | B8: 0.22 | C8: 0.8 | D8: 0 | E8: 2
A9: 8 | B9: 0.2 | C9: 0.86 | D9: 0 | E9: 3
A10: 9 | B10: 0.24 | C10: 0.75 | D10: 0 | E10: 8
A11: 10 | B11: 0.32 | C11: 0.76 | D11: 0 | E11: 14
A12: 11 | B12: 0.38 | C12: 0.76 | D12: 0.2537 | E12: 36
A13: 12 | B13: 0.36 | C13: 0.81 | D13: 0.2836 | E13: 56
... A1001: 1000 | B1001: 0.34 | C1001: 0.46 | D1001: 0.2985 | E1001: 98

Sheet Peak Identification
A3: Time | B3: Avg Rentals | E3: Weather Situation | F3: Avg Rentals/Hr | K3: Total Rentals
A4: 5 PM | B4: 140.20455 | E4: Clear Sky | F4: 61.671617 | K4: 58304
E10: Time Slot | F10: Avg Rentals/Hr | K10: Avg Rentals
E11: Evening | F11: 109.43103 | K11: 58.304

Sheet KPIs
B2: KPI | C2: Values
B3: 🚲 Total Rentals | C3: =SUBTOTAL(9,Append15[Total_Rentals]) -> 58304
B4: 📊 Average Rentals/Hr | C4: =ROUND(SUBTOTAL(1,Append15[Total_Rentals]),0) -> 58
B5: ⏰ Peak Hour | C5: ='Peak Identification'!A4 -> 5 PM
B6: ☀️ Best Weather | C6: ='Peak Identification'!E4 -> Clear Sky
B7: 🌆 Peak Time Slot | C7: ='Peak Identification'!E11 -> Evening
B10: Total Holiday Records | C10: =COUNTIF(Append15[Holiday],TRUE) -> 24
B11: Total rentals in clear weather | C11: =SUMIF(Append15[Weather_Type],"Clear Sky",Append15[Total_Rentals]) -> 37373
B12: Avg rentals during evening | C12: =AVERAGEIF(Append15[Time_Slot],"Evening",Append15[Total_Rentals]) -> 109.43103

Sheet Correlation_Data
A1: Temp | B1: ATemp | C1: Humidity | D1: WindSpeed | E1: Total_Rentals
A2: 0.24 | B2: 0.2879 | C2: 0.81 | D2: 0 | E2: 16
A3: 0.22 | B3: 0.2727 | C3: 0.8 | D3: 0 | E3: 40
A4: 0.22 | B4: 0.2727 | C4: 0.8 | D4: 0 | E4: 32
A5: 0.24 | B5: 0.2879 | C5: 0.75 | D5: 0 | E5: 13
A6: 0.24 | B6: 0.2879 | C6: 0.75 | D6: 0 | E6: 1
A7: 0.24 | B7: 0.2576 | C7: 0.75 | D7: 0.0896 | E7: 1
A8: 0.22 | B8: 0.2727 | C8: 0.8 | D8: 0 | E8: 2
A9: 0.2 | B9: 0.2576 | C9: 0.86 | D9: 0 | E9: 3
A10: 0.24 | B10: 0.1999 | C10: 0.75 | D10: 0 | E10: 8
A11: 0.32 | B11: 0.3485 | C11: 0.76 | D11: 0 | E11: 14
A12: 0.38 | B12: 0.3939 | C12: 0.76 | D12: 0.2537 | E12: 36
A13: 0.36 | B13: 0.3333 | C13: 0.81 | D13: 0.2836 | E13: 56
... A1001: 0.34 | B1001: 0.303 | C1001: 0.46 | D1001: 0.2985 | E1001: 98

Sheet Correlation_Matrix
B1: Temp | C1: ATemp | D1: Humidity | E1: WindSpeed | F1: Total_Rentals
A2: Temp | B2: 1
A3: ATemp | B3: 0.90993245 | C3: 1
A4: Humidity | B4: 0.080720147 | C4: 0.19243845 | D4: 1
A5: WindSpeed | B5: 0.12262533 | C5: -0.21211987 | D5: -0.38555035 | E5: 1
A6: Total_Rentals | B6: 0.22929155 | C6: 0.19335175 | D6: -0.2543533 | E6: 0.10399668 | F6: 1

Sheet Descriptive_Data
A1: Temp | B1: ATemp | C1: Humidity | D1: WindSpeed | E1: Casuals | F1: Registered | G1: Total_Rentals
A2: 0.24 | B2: 0.2879 | C2: 0.81 | D2: 0 | E2: 3 | F2: 13 | G2: 16
A3: 0.22 | B3: 0.2727 | C3: 0.8 | D3: 0 | E3: 8 | F3: 32 | G3: 40
A4: 0.22 | B4: 0.2727 | C4: 0.8 | D4: 0 | E4: 5 | F4: 27 | G4: 32
A5: 0.24 | B5: 0.2879 | C5: 0.75 | D5: 0 | E5: 3 | F5: 10 | G5: 13
A6: 0.24 | B6: 0.2879 | C6: 0.75 | D6: 0 | E6: 0 | F6: 1 | G6: 1
A7: 0.24 | B7: 0.2576 | C7: 0.75 | D7: 0.0896 | E7: 0 | F7: 1 | G7: 1
A8: 0.22 | B8: 0.2727 | C8: 0.8 | D8: 0 | E8: 2 | F8: 0 | G8: 2
A9: 0.2 | B9: 0.2576 | C9: 0.86 | D9: 0 | E9: 1 | F9: 2 | G9: 3
A10: 0.24 | B10: 0.1999 | C10: 0.75 | D10: 0 | E10: 1 | F10: 7 | G10: 8
A11: 0.32 | B11: 0.3485 | C11: 0.76 | D11: 0 | E11: 8 | F11: 6 | G11: 14
A12: 0.38 | B12: 0.3939 | C12: 0.76 | D12: 0.2537 | E12: 12 | F12: 24 | G12: 36
A13: 0.36 | B13: 0.3333 | C13: 0.81 | D13: 0.2836 | E13: 26 | F13: 30 | G13: 56
... A1001: 0.34 | B1001: 0.303 | C1001: 0.46 | D1001: 0.2985 | E1001: 2 | F1001: 96 | G1001: 98

Sheet Descriptive_Analysis
A1: Temp | C1: ATemp | E1: Humidity | G1: WindSpeed | I1: Casuals | K1: Registered | M1: Total_Rentals
A3: Mean | B3: 0.2059 | C3: Mean | D3: 0.2118252 | E3: Mean | F3: 0.58248 | G3: Mean | H3: 0.1949313 | I3: Mean | J3: 4.921 | K3: Mean | L3: 53.383 | M3: Mean | N3: 58.304
A4: Standard Error | B4: 0.0024974842 | C4: Standard Error | D4: 0.0024124958 | E4: Standard Error | F4: 0.0059443574 | G4: Standard Error | H4: 0.0040833247 | I4: Standard Error | J4: 0.2417213 | K4: Standard Error | L4: 1.5145402 | M4: Standard Error | N4: 1.6123049
A5: Median | B5: 0.2 | C5: Median | D5: 0.2121 | E5: Median | F5: 0.55 | G5: Median | H5: 0.1642 | I5: Median | J5: 3 | K5: Median | L5: 46 | M5: Median | N5: 49
A6: Mode | B6: 0.22 | C6: Mode | D6: 0.2273 | E6: Mode | F6: 0.93 | G6: Mode | H6: 0 | I6: Mode | J6: 0 | K6: Mode | L6: 1 | M6: Mode | N6: 1
A7: Standard Deviation | B7: 0.078977386 | C7: Standard Deviation | D7: 0.076289815 | E7: Standard Deviation | F7: 0.18797709 | G7: Standard Deviation | H7: 0.12912607 | I7: Standard Deviation | J7: 7.6438988 | K7: Standard Deviation | L7: 47.893968 | M7: Standard Deviation | N7: 50.985558
A8: Sample Variance | B8: 0.0062374274 | C8: Sample Variance | D8: 0.0058201359 | E8: Sample Variance | F8: 0.035335385 | G8: Sample Variance | H8: 0.016673541 | I8: Sample Variance | J8: 58.429188 | K8: Sample Variance | L8: 2293.8321 | M8: Sample Variance | N8: 2599.5271
A9: Kurtosis | B9: 0.77506113 | C9: Kurtosis | D9: 0.71266886 | E9: Kurtosis | F9: -0.72312265 | G9: Kurtosis | H9: -0.20985336 | I9: Kurtosis | J9: 15.09774 | K9: Kurtosis | L9: 1.6425063 | M9: Kurtosis | N9: 1.0266606
A10: Skewness | B10: 0.54799688 | C10: Skewness | D10: 0.43594027 | E10: Skewness | F10: 0.43689346 | G10: Skewness | H10: 0.43367506 | I10: Skewness | J10: 3.414105 | K10: Skewness | L10: 1.2967233 | M10: Skewness | N10: 1.1377091
A11: Range | B11: 0.44 | C11: Range | D11: 0.4545 | E11: Range | F11: 0.79 | G11: Range | H11: 0.5821 | I11: Range | J11: 62 | K11: Range | L11: 247 | M11: Range | N11: 248
A12: Minimum | B12: 0.02 | C12: Minimum | D12: 0 | E12: Minimum | F12: 0.21 | G12: Minimum | H12: 0 | I12: Minimum | J12: 0 | K12: Minimum | L12: 0 | M12: Minimum | N12: 1
A13: Maximum | B13: 0.46 | C13: Maximum | D13: 0.4545 | E13: Maximum | F13: 1 | G13: Maximum | H13: 0.5821 | I13: Maximum | J13: 62 | K13: Maximum | L13: 247 | M13: Maximum | N13: 249
A14: Sum | B14: 205.9 | C14: Sum | D14: 211.8252 | E14: Sum | F14: 582.48 | G14: Sum | H14: 194.9313 | I14: Sum | J14: 4921 | K14: Sum | L14: 53383 | M14: Sum | N14: 58304
A15: Count | B15: 1000 | C15: Count | D15: 1000 | E15: Count | F15: 1000 | G15: Count | H15: 1000 | I15: Count | J15: 1000 | K15: Count | L15: 1000 | M15: Count | N15: 1000

Sheet Refined_Stats
A2: Temp | D2: ATemp | G2: Humidity | J2: WindSpeed
A4: Mean | B4: 0.2059 | D4: Mean | E4: 0.2118252 | G4: Mean | H4: 0.58248 | J4: Mean | K4: 0.1949313
A5: Standard Deviation | B5: 0.078977386 | D5: Standard Deviation | E5: 0.076289815 | G5: Standard Deviation | H5: 0.18797709 | J5: Standard Deviation | K5: 0.12912607
A6: Minimum | B6: 0.02 | D6: Minimum | E6: 0 | G6: Minimum | H6: 0.21 | J6: Minimum | K6: 0
A7: Maximum | B7: 0.46 | D7: Maximum | E7: 0.4545 | G7: Maximum | H7: 1 | J7: Maximum | K7: 0.5821
A10: Casuals | D10: Registered | G10: Total_Rentals
A12: Mean | B12: 4.921 | D12: Mean | E12: 53.383 | G12: Mean | H12: 58.304
A13: Standard Deviation | B13: 7.6438988 | D13: Standard Deviation | E13: 47.893968 | G13: Standard Deviation | H13: 50.985558
A14: Minimum | B14: 0 | D14: Minimum | E14: 0 | G14: Minimum | H14: 1
A15: Maximum | B15: 62 | D15: Maximum | E15: 247 | G15: Maximum | H15: 249

Sheet INTERACTIVE_DASHBOARD
C10: Total Rentals | E10: Avg Rentals | G10: Peak Time | H10: Avg Rentals | J10: Best Weather | K10: Avg Rentals/Hr | M10: Peak Slot | N10: Avg Rentals/Hr
C11: 58304 | E11: 58.304 | G11: 5 PM | H11: 140.20455 | J11: Clear Sky | K11: 61.671617 | M11: Evening | N11: 109.43103
C70: Avg Rentals/Hr | D70: Weather Situation
C71: Time Slot | D71: Clear Sky | E71: Mist/Cloudy | F71: Light Rain | G71: Heavy Rain/Snow
C72: Morning | D72: 63.075581 | E72: 58.333333 | F72: 34.433333
C73: AfterNoon | D73: 84.516129 | E73: 71.318182 | F73: 49.538462
C74: Evening | D74: 109.17094 | E74: 121.12766 | F74: 59.888889 | G74: 36
C75: Night | D75: 26.299107 | E75: 23.169811 | F75: 17.90625
C80: Avg Rentals/Hr | D80: Time Slot
C81: Days | D81: Morning | E81: AfterNoon | F81: Evening | G81: Night
C82: Sunday | D82: 32.043478 | E82: 113.17857 | F82: 76.071429 | G82: 21.741935
C83: Monday | D83: 62.666667 | E83: 64.083333 | F83: 123.625 | G83: 20.089286
C84: Tuesday | D84: 79.257143 | E84: 58.5 | F84: 129.25 | G84: 25.068182
C85: Wednesday | D85: 64.261905 | E85: 61.666667 | F85: 123.27273 | G85: 26.930233
C86: Thursday | D86: 80.971429 | E86: 65.45 | F86: 123.45833 | G86: 29.391304
C87: Friday | D87: 77.047619 | E87: 67.875 | F87: 126.91667 | G87: 24.666667
C88: Saturday | D88: 27.553191 | E88: 95.785714 | F88: 75.75 | G88: 26.190476
